--
-- Script was generated by Devart dbForge Data Generator for MySQL, Version 1.7.12.0
-- Product Home Page: http://www.devart.com/dbforge/mysql/data-generator/
-- Script date 30/11/2017 19:01:59
-- Target server version: 5.7.14
-- Target connection string: User Id=root;Host=localhost;Database=school_db;Character Set=utf8
--



SET NAMES 'utf8';
USE school_db;
--
-- Delete data from the table 'teacher'
--
TRUNCATE TABLE teacher;
--
-- Delete data from the table 'student'
--
TRUNCATE TABLE student;
--
-- Delete data from the table 'session'
--
TRUNCATE TABLE session;
--
-- Delete data from the table 'registration'
--
TRUNCATE TABLE registration;
--
-- Delete data from the table 'course'
--
TRUNCATE TABLE course;

--
-- Inserting data into table course
--
INSERT INTO course(init, title, responsible_id, sessions_count) VALUES
('GC064', 'Deserunt iure veniam.', 'T802', 7),
('JY002', 'Doloribus et deserunt.', 'T647', 8),
('IZ026', 'Odit laboriosam.', 'T134', 44),
('SS013', 'Ducimus et quidem unde.', 'T505', 10),
('UE088', 'Velit asperiores et.', 'T233', 27),
('OS098', 'Veniam eos fugit ad.', 'T322', 20),
('WB029', 'Alias qui in.', 'T695', 29),
('RK064', 'Odio ut repellat saepe.', 'T679', 6),
('GJ036', 'Ea impedit sapiente.', NULL, NULL),
('KE094', 'Nisi ullam ut.', 'T542', 41),
('QB003', 'Ut quisquam.', 'T978', 36),
('OH072', 'Consequatur.', 'T069', 35),
('CE047', 'Qui est sed voluptatem.', 'T379', 8),
('YD004', 'Quidem a et fuga odit.', 'T045', 31),
('JK068', 'Illo earum molestiae.', 'T613', 39),
('WU082', 'Totam dolore ratione.', 'T204', 27),
('WM013', 'Error praesentium.', 'T407', 6),
('MJ001', 'Dolorum et ad.', 'T629', 7),
('GL018', 'Omnis quidem labore.', 'T659', 19),
('ZI086', 'Suscipit cum placeat.', 'T864', 19),
('YO000', 'Distinctio reiciendis.', 'T650', 22),
('DB009', 'Et enim corporis.', 'T155', 17),
('MV086', 'Consequatur magnam.', 'T962', 7),
('XB071', 'Neque qui quod sed qui.', 'T874', 16),
('CR005', 'Eum vero dolor.', 'T596', 42),
('GF015', 'Nostrum itaque rem.', 'T727', 7),
('RI019', 'Nulla et provident.', NULL, NULL),
('WB073', 'Cupiditate consectetur.', 'T141', 6),
('WW078', 'Quos aliquam libero.', 'T451', 5),
('JT003', 'Explicabo sint odit.', 'T271', 9),
('KX098', 'Inventore nihil.', 'T321', 10),
('HW045', 'Quam omnis fugit culpa.', NULL, NULL),
('IJ036', 'Vero veniam inventore.', 'T204', 40),
('VG031', 'Amet corrupti qui.', 'T542', 34),
('CY024', 'Quia dolor et deserunt.', 'T719', 22),
('UE012', 'Odio nulla aliquid.', 'T069', 1),
('YD058', 'Enim aliquam in et.', 'T571', 37),
('RL093', 'Velit fuga eius.', 'T813', 37),
('XB068', 'Exercitationem atque.', 'T004', 6),
('JB060', 'Non reiciendis.', 'T217', 9),
('JM062', 'Culpa dignissimos.', 'T112', 38),
('HI031', 'Veniam qui non sint.', NULL, NULL),
('PI069', 'Dicta neque nemo.', 'T266', 31),
('SE091', 'Adipisci veritatis.', 'T634', 28),
('AR060', 'Est voluptatem fuga.', 'T141', 47),
('UB010', 'Quod aut delectus et.', 'T252', 6),
('EM066', 'Et aut mollitia.', 'T266', 1),
('DI053', 'Pariatur hic cumque id.', 'T387', 27),
('CF014', 'Impedit quam porro.', 'T813', 6),
('AG019', 'Aspernatur voluptas.', 'T802', 14),
('UW083', 'Est eum et quos.', 'T451', 37),
('RM091', 'Iste corporis ad.', NULL, NULL),
('CO095', 'Harum expedita non sit.', 'T274', 24),
('MU034', 'Sunt quas voluptate.', 'T054', 35),
('RF008', 'Sunt rerum amet.', 'T005', 18),
('LR037', 'Omnis vel expedita.', 'T596', 6),
('YZ050', 'Quia similique soluta.', 'T349', 9),
('DK046', 'Voluptatum explicabo.', 'T839', 37),
('YP003', 'Eveniet qui enim.', 'T057', 20),
('UQ046', 'Voluptatibus similique.', 'T433', 2),
('KP022', 'Iure id voluptatem qui.', 'T274', 35),
('XG049', 'Quia ullam libero.', 'T864', 10),
('CC099', 'Nam et aut enim ut.', 'T632', 14),
('FM004', 'Non est placeat rerum.', NULL, NULL),
('PL007', 'Ex sit praesentium.', 'T274', 7),
('FR099', 'Hic earum magnam unde.', NULL, NULL),
('PU032', 'Eaque quia corrupti.', 'T005', 42),
('MF098', 'Et perferendis harum.', 'T310', 3),
('ER009', 'Deserunt sit pariatur.', 'T260', 18),
('XD077', 'Harum id natus nihil.', 'T112', 26),
('PZ057', 'Blanditiis amet.', 'T112', 9),
('MF051', 'Delectus quisquam.', NULL, NULL),
('UG078', 'Nobis facilis quia.', 'T301', 36),
('II074', 'Quod sed sunt quae.', NULL, NULL),
('CP097', 'Ipsam sapiente qui.', 'T407', 13),
('LR033', 'Sapiente aliquam quasi.', 'T839', 17),
('CB086', 'Magnam qui.', 'T719', 22),
('SX087', 'Sed optio deleniti.', 'T057', 36),
('VK064', 'Distinctio magni sunt.', 'T596', 32),
('GV039', 'Iusto et illo dolor.', 'T578', 14),
('DY078', 'Blanditiis id non.', 'T805', 18),
('EK047', 'Maiores esse et vel.', 'T170', 6),
('FZ008', 'Quibusdam fugiat.', 'T962', 37),
('HQ065', 'Itaque placeat ipsa.', NULL, NULL),
('LV015', 'Omnis enim mollitia et.', 'T650', 15),
('CJ028', 'Sequi quia voluptas.', 'T896', 11),
('LI024', 'Soluta rerum.', 'T557', 17),
('WA046', 'Debitis consequatur.', 'T650', 21),
('YK046', 'Voluptatem ut eveniet.', 'T045', 36),
('FG099', 'Est voluptates vitae.', 'T978', 48),
('TP070', 'Possimus deleniti.', 'T647', 7),
('YM037', 'Omnis totam aliquid.', 'T793', 7),
('SY006', 'Dignissimos doloremque.', 'T788', 43),
('PU067', 'Minus repellendus.', 'T068', 6),
('US050', 'Dolorem voluptate.', 'T301', 20),
('QT056', 'Maxime ut laboriosam.', 'T864', 10),
('EM069', 'Eos nobis inventore.', 'T349', 40),
('YI064', 'Et aut accusamus eius.', 'T054', 11),
('IX001', 'Praesentium ipsa.', 'T349', 15),
('PI050', 'Ut maiores voluptatem.', 'T004', 9);

--
-- Inserting data into table registration
--
INSERT INTO registration(student_id, course_init) VALUES
(97, 'EM069'),
(17, 'WM013'),
(41, 'JM062'),
(7, 'WB029'),
(55, 'RF008'),
(100, 'PI050'),
(90, 'FG099'),
(98, 'YI064'),
(91, 'TP070'),
(45, 'AR060'),
(31, 'KX098'),
(42, 'HI031'),
(82, 'EK047'),
(32, 'HW045'),
(22, 'DB009'),
(99, 'IX001'),
(33, 'IJ036'),
(72, 'MF051'),
(83, 'FZ008'),
(92, 'YM037'),
(56, 'LR037'),
(46, 'UB010'),
(85, 'LV015'),
(18, 'MJ001'),
(57, 'YZ050'),
(23, 'MV086'),
(34, 'VG031'),
(47, 'EM066'),
(73, 'UG078'),
(84, 'HQ065'),
(24, 'XB071'),
(93, 'SY006'),
(8, 'RK064'),
(74, 'II074'),
(64, 'FM004'),
(58, 'DK046'),
(75, 'CP097'),
(35, 'CY024'),
(25, 'CR005'),
(19, 'GL018'),
(86, 'CJ028'),
(94, 'PU067'),
(65, 'PL007'),
(76, 'LR033'),
(9, 'GJ036'),
(48, 'DI053'),
(87, 'LI024'),
(95, 'US050'),
(88, 'WA046'),
(66, 'FR099'),
(96, 'QT056'),
(59, 'YP003'),
(49, 'CF014'),
(20, 'ZI086'),
(36, 'UE012'),
(77, 'CB086'),
(26, 'GF015'),
(10, 'KE094'),
(89, 'YK046'),
(67, 'PU032'),
(60, 'UQ046'),
(21, 'YO000'),
(50, 'AG019'),
(78, 'SX087'),
(11, 'QB003'),
(1, 'GC064'),
(12, 'OH072'),
(61, 'KP022'),
(68, 'MF098'),
(2, 'JY002'),
(13, 'CE047'),
(37, 'YD058'),
(51, 'UW083'),
(79, 'VK064'),
(62, 'XG049'),
(69, 'ER009'),
(27, 'RI019'),
(80, 'GV039'),
(70, 'XD077'),
(3, 'IZ026'),
(38, 'RL093'),
(52, 'RM091'),
(14, 'YD004'),
(81, 'DY078'),
(63, 'CC099'),
(28, 'WB073'),
(71, 'PZ057'),
(39, 'XB068'),
(4, 'SS013'),
(15, 'JK068'),
(53, 'CO095'),
(29, 'WW078'),
(43, 'PI069'),
(40, 'JB060'),
(54, 'MU034'),
(5, 'UE088'),
(44, 'SE091'),
(16, 'WU082'),
(6, 'OS098'),
(30, 'JT003');

--
-- Inserting data into table session
--
INSERT INTO session(course_init, num, type, date, room, start_time, end_time, teacher_id) VALUES
('DI053', 47, 'TD', '2010-01-07', 'F6', '18:31', '18:31', 'T647'),
('WM013', 17, 'TP', '2016-08-03', 'C1', NULL, NULL, NULL),
('JM062', 41, 'TP', '2011-07-27', 'E5', '13:38', '13:38', 'T274'),
('WB029', 7, 'TD', '2010-02-07', 'F6', '00:08', '00:08', 'T726'),
('OS098', 5, 'TP', '2012-03-20', 'C8', '02:20', '02:20', 'T252'),
('UW083', 50, 'TD', '2011-10-13', 'D5', NULL, NULL, NULL),
('JM062', 40, 'TD', '2011-01-03', 'F4', '05:24', '05:24', 'T451'),
('CF014', 48, 'TP', '2012-07-01', 'F4', '05:48', '05:48', 'T310'),
('HI031', 41, 'TD', '2011-05-14', 'A4', '08:45', '08:45', 'T805'),
('AR060', 45, 'TD', '2011-02-25', 'B3', '14:25', '14:25', 'T176'),
('KX098', 31, 'TP', '2011-07-01', 'E9', '17:40', '17:40', 'T515'),
('HI031', 42, 'TP', '2010-02-19', 'A9', '11:11', '11:11', 'T650'),
('IJ036', 32, 'TP', '2010-01-03', 'C1', NULL, NULL, NULL),
('HW045', 32, 'CM', '2011-09-30', NULL, '15:02', '15:02', 'T405'),
('DB009', 22, 'CM', '2016-05-28', 'B8', '13:26', '13:26', 'T802'),
('AG019', 49, 'TP', '2012-05-06', 'C1', '06:48', '06:48', 'T978'),
('IJ036', 33, 'CM', '2012-03-19', 'C5', '10:07', '10:07', 'T134'),
('MV086', 22, 'TP', '2012-04-15', 'D8', '04:19', '04:19', 'T727'),
('VG031', 33, 'TP', '2011-05-04', 'D3', '12:51', '12:51', 'T962'),
('PI069', 42, 'TD', '2010-12-24', 'G3', '15:07', '15:07', 'T233'),
('WB029', 6, 'TD', '2011-03-16', 'A9', '02:07', '02:07', 'T896'),
('UB010', 46, 'TP', '2012-01-29', 'E8', '09:16', '09:16', 'T544'),
('UE012', 35, 'TD', '2012-07-03', 'B7', '22:08', '22:08', 'T629'),
('MJ001', 18, 'CM', '2012-05-01', 'E5', '13:26', '13:26', 'T152'),
('RK064', 7, 'TP', '2011-03-24', 'F4', NULL, NULL, NULL),
('MV086', 23, 'TD', '2016-04-17', 'D3', NULL, NULL, NULL),
('VG031', 34, 'TP', '2013-01-15', 'D9', '01:47', '01:47', 'T719'),
('EM066', 47, 'TP', '2010-01-07', 'C4', '04:58', '04:58', 'T686'),
('XB071', 23, 'TD', '2010-01-19', 'F9', '11:51', '11:51', 'T271'),
('CY024', 34, 'TD', '2010-03-11', 'C9', '22:43', '22:43', 'T882'),
('XB071', 24, 'TD', '2017-11-08', 'E1', '08:22', '08:22', 'T571'),
('SE091', 43, 'TD', '2012-01-19', 'E8', '17:38', '17:38', 'T874'),
('RK064', 8, 'TP', '2016-07-21', 'A1', '14:58', '14:58', 'T962'),
('CR005', 24, 'CM', '2012-09-09', NULL, '18:14', '18:14', 'T731'),
('JK068', 14, 'TP', '2012-08-18', 'A6', '09:21', '09:21', 'T301'),
('GJ036', 8, 'TP', '2011-02-09', 'B4', '15:05', '15:05', 'T387'),
('GF015', 25, 'TP', '2011-08-16', 'A6', '19:00', '19:00', 'T310'),
('CY024', 35, 'TD', '2012-10-12', 'D9', '10:01', '10:01', 'T788'),
('CR005', 25, 'TP', '2011-03-27', 'A6', '14:21', '14:21', 'T963'),
('GL018', 19, 'TP', '2016-03-16', 'C5', '18:53', '18:53', 'T838'),
('YD058', 36, 'TP', '2012-03-01', 'D9', '04:26', '04:26', 'T433'),
('AR060', 44, 'TP', '2012-12-13', 'G9', '18:12', NULL, 'T405'),
('WU082', 15, 'TP', '2011-01-02', 'F2', '06:33', '06:33', 'T112'),
('RI019', 26, 'TP', '2011-02-02', 'D9', '09:35', '09:35', 'T069'),
('GJ036', 9, 'TD', '2015-08-26', 'E1', NULL, NULL, NULL),
('DI053', 48, 'TD', '2010-01-02', 'B2', '05:12', '05:12', 'T808'),
('RL093', 37, 'TD', '2011-10-27', 'C2', '07:58', '07:58', 'T632'),
('UB010', 45, 'TP', '2011-08-21', 'G9', '05:53', '05:53', 'T719'),
('XB068', 38, 'TD', '2011-01-05', 'C1', '15:43', NULL, 'T619'),
('WM013', 16, 'TP', '2014-04-11', 'A6', '11:05', '11:05', 'T634'),
('EM066', 46, 'TP', '2010-02-19', 'D5', '06:50', '06:50', 'T405'),
('KE094', 9, 'CM', '2011-04-22', 'B7', '15:18', '15:18', 'T349'),
('CF014', 49, 'TP', '2011-09-21', 'A5', '01:11', '01:11', 'T731'),
('ZI086', 20, 'CM', '2011-11-20', 'E5', '13:37', '13:37', 'T204'),
('UE012', 36, 'TP', '2014-04-03', NULL, '15:54', '15:54', 'T405'),
('WB073', 27, 'TP', '2011-01-07', 'B5', '03:14', '03:14', 'T887'),
('GF015', 26, 'TD', '2016-03-18', 'E7', '14:10', '14:10', 'T839'),
('KE094', 10, 'TP', '2010-10-31', 'G9', '15:35', '15:35', 'T274'),
('JB060', 39, 'TD', '2012-05-08', 'C6', '15:41', '15:41', 'T443'),
('MJ001', 17, 'CM', '2010-02-23', 'C9', '19:54', '19:54', 'T613'),
('QB003', 10, 'TP', '2012-01-16', 'G7', '10:21', '10:21', 'T984'),
('YO000', 21, 'TP', '2010-02-20', 'G5', '00:35', '00:35', 'T788'),
('AG019', 50, 'TP', '2015-02-14', 'E1', '06:57', '06:57', 'T636'),
('WW078', 28, 'TP', '2011-02-20', 'D7', '08:01', '08:01', 'T156'),
('QB003', 11, 'CM', '2016-01-07', 'C4', '03:54', '03:54', 'T266'),
('GC064', 1, 'TD', '2016-09-20', 'E6', '06:03', '06:03', 'T254'),
('OH072', 12, 'TD', '2012-04-06', 'E3', '21:12', '21:12', 'T069'),
('OH072', 11, 'TP', '2012-05-17', 'D2', '02:13', '02:13', 'T802'),
('GL018', 18, 'TD', '2010-07-16', 'C8', '18:36', '18:36', 'T813'),
('JY002', 2, 'TD', '2012-08-06', 'E2', '08:01', '08:01', 'T962'),
('CE047', 13, 'TD', '2012-03-24', 'G1', '03:11', '03:11', 'T045'),
('YD058', 37, 'TP', '2015-01-27', 'F6', '13:12', '13:12', 'T463'),
('JY002', 1, 'TP', '2011-01-24', 'F8', '11:35', '11:35', 'T961'),
('JT003', 29, 'CM', '2015-08-13', 'A6', '19:41', '19:41', 'T788'),
('CE047', 12, 'TP', '2016-12-24', 'D4', '07:35', '07:35', 'T871'),
('ZI086', 19, 'TP', '2010-11-27', 'A7', '05:39', '05:39', 'T647'),
('RI019', 27, 'TP', '2012-04-04', NULL, '12:06', '12:06', 'T068'),
('KX098', 30, 'TP', '2011-09-25', 'E5', '05:57', '05:57', 'T619'),
('YO000', 20, 'TP', '2011-08-02', 'G7', '18:51', NULL, 'T632'),
('IZ026', 3, 'TP', '2013-08-04', 'E8', NULL, NULL, NULL),
('RL093', 38, 'CM', '2012-01-30', 'D7', '16:09', '16:09', 'T054'),
('IZ026', 2, 'CM', '2011-12-09', 'E8', '11:40', '11:40', 'T134'),
('YD004', 14, 'CM', '2010-01-12', 'F6', '03:47', '03:47', 'T254'),
('HW045', 31, 'TP', '2012-02-05', NULL, '19:04', '19:04', 'T619'),
('YD004', 13, 'TP', '2011-02-15', 'E9', '14:35', '14:35', 'T260'),
('WB073', 28, 'TD', '2010-01-31', 'F8', '03:07', '03:07', 'T301'),
('DB009', 21, 'TD', '2012-09-26', 'F2', '16:41', '16:41', 'T578'),
('XB068', 39, 'TD', '2011-03-30', NULL, '04:58', '04:58', 'T156'),
('SS013', 4, 'TD', '2010-12-17', 'E6', '02:00', '02:00', 'T271'),
('JK068', 15, 'TP', '2013-07-23', 'F4', '17:43', '17:43', 'T321'),
('SS013', 3, 'TP', '2011-06-19', 'B4', '03:06', '03:06', 'T978'),
('WW078', 29, 'TP', '2011-01-23', 'E1', '09:50', '09:50', 'T871'),
('PI069', 43, 'TD', '2010-01-04', 'C7', NULL, NULL, NULL),
('JB060', 40, 'TP', '2010-04-04', 'F3', '10:47', '10:47', 'T069'),
('UE088', 4, 'TP', '2016-01-23', 'A7', '09:31', NULL, 'T619'),
('UE088', 5, 'CM', '2016-02-14', 'F5', NULL, NULL, NULL),
('SE091', 44, 'TP', '2010-09-04', NULL, '10:03', NULL, 'T634'),
('WU082', 16, 'TP', '2010-01-07', NULL, '23:44', NULL, 'T578'),
('OS098', 6, 'TP', '2012-01-07', NULL, '12:44', NULL, 'T719'),
('JT003', 30, 'TD', '2012-06-15', NULL, NULL, NULL, NULL);

--
-- Inserting data into table student
--
INSERT INTO student(num, last_name, first_name, age) VALUES
(1, 'Bonilla', 'Logan', 25),
(2, 'Nguyen', 'Terica', 22),
(3, 'Riddle', 'Jule', 23),
(4, 'Eaton', 'Jamison', 22),
(5, 'Koehler', 'Pat', 26),
(6, 'Harry', 'Iola', 28),
(7, 'Grubb', 'Marie', 20),
(8, 'Eaves', 'Emery', 25),
(9, 'Koenig', 'Earnest', 27),
(10, 'Shoemaker', 'Danica', 20),
(11, 'Grubbs', 'Amber', 19),
(12, 'Concepcion', 'Carmelo', 27),
(13, 'Vazquez', 'Abdul', 20),
(14, 'Hart', 'Frances', 24),
(15, 'Nicholas', 'Julio', 28),
(16, 'Kohl', 'Ila', 19),
(17, 'Ridenour', 'Nolan', 31),
(18, 'Harter', 'Wilhemina', 26),
(19, 'Kohler', 'Lavelle', 20),
(20, 'Shook', 'Leigh', 21),
(21, 'Ebert', NULL, 20),
(22, 'Gruber', 'Mose', 25),
(23, 'Hartley', 'Becky', 19),
(24, 'Echevarria', 'Malissa', 24),
(25, 'Vega', 'Reginia', 22),
(26, 'Bonner', 'Katelin', 34),
(27, 'Kohn', 'Daryl', 17),
(28, 'Hartman', 'Arnold', 19),
(29, 'Guajardo', 'Josef', 23),
(30, 'Shore', 'Richie', 27),
(31, 'Nichols', 'Zane', 30),
(32, 'Kolb', 'Christian', 19),
(33, 'Hartmann', 'Maryann', 21),
(34, 'Velasco', 'Pamelia', 25),
(35, 'Condon', 'Marica', 19),
(36, 'Rider', 'Miquel', 23),
(37, 'Echols', 'Azzie', 19),
(38, 'Shores', 'Christa', 28),
(39, 'Velasquez', 'Jewell', 18),
(40, 'Booker', 'Christin', 26),
(41, 'Short', 'Arnoldo', 32),
(42, 'Velazquez', 'Joline', 22),
(43, 'Nicholson', 'Nakita', 24),
(44, 'Kong', NULL, 20),
(45, 'Guenther', 'Kirby', 20),
(46, 'Cone', 'Leo', 33),
(47, 'Hartwell', 'Mckenzie', 25),
(48, 'Ridgeway', 'Derick', 30),
(49, 'Shorter', NULL, 20),
(50, 'Nickel', 'Magdalene', 35),
(51, 'Boone', 'Samantha', 19),
(52, 'Koonce', 'Harold', 20),
(53, 'Ridley', 'Korey', 29),
(54, 'Conger', NULL, 19),
(55, 'Eckert', 'Avril', 24),
(56, 'Velez', 'Peter', 20),
(57, 'Shrader', 'Angelica', 19),
(58, 'Guerin', 'Curtis', 31),
(59, 'Nickerson', 'Micah', 27),
(60, 'Harvey', 'Oscar', 19),
(61, 'Koontz', 'Porter', 24),
(62, 'Eddy', 'Gus', 20),
(63, 'Harwell', 'Ayako', 19),
(64, 'Venable', 'Denisha', 21),
(65, 'Rife', 'Dante', 22),
(66, 'Kopp', 'Ernesto', 25),
(67, 'Booth', 'Jenine', 19),
(68, 'Conklin', 'Hedy', 20),
(69, 'Harwood', 'Dave', 20),
(70, 'Boothe', 'Enoch', 22),
(71, 'Nielsen', 'Melvin', 22),
(72, 'Kovach', NULL, 20),
(73, 'Shuler', 'Dwayne', 22),
(74, 'Haskell', 'Yadira', 22),
(75, 'Conley', 'Leslee', 19),
(76, 'Bordelon', 'Loris', 28),
(77, 'Rigby', 'Jannette', 20),
(78, 'Conn', 'Gavin', 18),
(79, 'Kowalski', 'Karolyn', 19),
(80, 'Nielson', 'Izetta', 17),
(81, 'Borden', 'Coral', 20),
(82, 'Guerra', 'Weldon', 35),
(83, 'Riggins', 'Robert', 23),
(84, 'Nieto', 'Tonisha', 25),
(85, 'Riggs', 'Carroll', 24),
(86, 'Venegas', 'Theola', 21),
(87, 'Edgar', NULL, 30),
(88, 'Haskins', 'Rubye', 19),
(89, 'Kozlowski', 'Cathie', 19),
(90, 'Shull', 'Tosha', 26),
(91, 'Hass', 'Salvatore', 21),
(92, 'Kraft', 'Michale', 20),
(93, 'Nieves', 'Mariella', 25),
(94, 'Ventura', 'Irmgard', 22),
(95, 'Rigsby', 'Clementine', 21),
(96, 'Guerrero', NULL, 23),
(97, 'Shultz', 'Dewitt', 20),
(98, 'Hassell', NULL, 31),
(99, 'Vera', NULL, 23),
(100, 'Kramer', NULL, 19);

--
-- Inserting data into table teacher
--
INSERT INTO teacher(id, last_name, first_name) VALUES
('T132', 'Flagg', 'Ted'),
('T544', 'Ladner', 'Sanda'),
('T217', 'Head', 'Julieta'),
('T650', 'Ayres', NULL),
('T984', 'Lafferty', 'Consuelo'),
('T838', 'Headley', 'Margit'),
('T686', 'Cowley', 'Delisa'),
('T515', 'Laflamme', 'Jayme'),
('T141', 'Bustamante', 'Gillian'),
('T874', 'Severson', 'Melissa'),
('T961', 'Headrick', 'Petrina'),
('T805', 'Turney', 'Leslie'),
('T233', 'Seward', NULL),
('T170', 'Babb', 'Connie'),
('T571', 'Mcvey', 'Shandi'),
('T864', 'Bustos', 'Marlene'),
('T619', 'Babcock', 'Millard'),
('T433', 'Phelan', 'Argelia'),
('T379', 'Butcher', NULL),
('T176', 'Mcwhorter', 'Tommie'),
('T274', 'Turpin', 'Emmett'),
('T813', 'Lafleur', 'Beula'),
('T321', 'Sewell', 'Johnson'),
('T578', 'Babin', 'Shaunta'),
('T204', 'Tuttle', 'Beaulah'),
('T134', 'Healey', 'Cristobal'),
('T900', 'Sexton', 'Jacinto'),
('T896', 'Phelps', 'Jacklyn'),
('T155', 'Mcwilliams', 'Truman'),
('T222', 'Laird', 'Marivel'),
('T858', 'Phillips', 'Darryl'),
('T236', 'Butler', 'Cole'),
('T978', 'Healy', 'Geraldo'),
('T252', 'Flaherty', 'Eddie'),
('T005', 'Coyle', 'Pricilla'),
('T629', 'Flanagan', 'Delmer'),
('T260', 'Baca', 'Jefferson'),
('T808', 'Meacham', NULL),
('T526', 'Tyler', 'Juliette'),
('T443', 'Phipps', 'Tyson'),
('T156', 'Lake', 'Sheree'),
('T068', 'Butterfield', 'Marcus'),
('T054', 'Seymore', 'Jon'),
('T045', 'Mead', 'Dario'),
('T463', 'Tyner', 'Rosena'),
('T682', 'Heard', 'Salvador'),
('T193', 'Seymour', 'Melvina'),
('T963', 'Bach', 'Mozell'),
('T632', 'Picard', 'Avery'),
('T679', 'Tyree', 'Jed'),
('T839', 'Meade', 'Diamond'),
('T505', 'Lam', 'Angila'),
('T771', 'Pickard', 'Floyd'),
('T004', 'Button', 'Thaddeus'),
('T349', 'Coyne', NULL),
('T387', 'Flanders', 'Alethea'),
('T271', 'Crabtree', 'Adaline'),
('T674', 'Flannery', 'Kenneth'),
('T322', 'Shackelford', NULL),
('T456', 'Hearn', 'Marshall'),
('T997', 'Meador', 'Grady'),
('T882', 'Pickens', 'Lorine'),
('T451', 'Tyson', 'Amparo'),
('T613', 'Shade', 'Seth'),
('T887', 'Ulrich', NULL),
('T659', 'Craddock', 'Jason'),
('T057', 'Shafer', 'Kendra'),
('T557', 'Bachman', 'Jesse'),
('T871', 'Meadows', 'Eryn'),
('T407', 'Lamar', 'Sean'),
('T449', 'Pickering', 'Chuck'),
('T634', 'Fleming', 'Tarah'),
('T112', 'Craft', 'Merlyn'),
('T647', 'Flemming', 'Garland'),
('T254', 'Craig', 'Renae'),
('T636', 'Means', 'Lance'),
('T405', 'Pickett', 'Estell'),
('T726', 'Butts', 'Bennett'),
('T802', 'Underhill', 'Newton'),
('T596', 'Heath', 'Philip'),
('T695', 'Fletcher', 'Issac'),
('T266', 'Crain', 'Harrison'),
('T962', 'Mears', 'Stevie'),
('T793', 'Back', 'Danika'),
('T731', 'Shaffer', NULL),
('T572', 'Pierce', 'Bradford'),
('T208', 'Flint', 'Elwanda'),
('T727', 'Byars', 'Malcolm'),
('T310', 'Lamb', 'Tamala'),
('T069', 'Heaton', 'Lesley'),
('T719', 'Medeiros', 'Donny'),
('T607', 'Pierre', 'Leticia'),
('T768', 'Cramer', 'Teresa'),
('T301', 'Lambert', 'Dion'),
('T800', 'Hebert', 'Denisha'),
('T542', 'Underwood', 'Lindsay'),
('T152', 'Lamm', 'Wendy'),
('T209', 'Medina', 'Raymon'),
('T788', 'Bacon', NULL),
('T126', 'Byers', NULL);